Page 0 had 400 accesses, Page 1 had 400 accesses, Page 2 had 200 accesses, 
Page 0 had 400 accesses, Page 1 had 400 accesses, Page 2 had 200 accesses, 
Page 0 had 400 accesses, Page 1 had 400 accesses, Page 2 had 200 accesses, 
Page 0 had 400 accesses, Page 1 had 400 accesses, Page 2 had 200 accesses, 
Page 0 had 400 accesses, Page 1 had 400 accesses, Page 2 had 200 accesses, 
Page 0 had 400 accesses, Page 1 had 400 accesses, Page 2 had 200 accesses, 
Page 0 had 400 accesses, Page 1 had 400 accesses, Page 2 had 200 accesses, 
Page 0 had 400 accesses, Page 1 had 400 accesses, Page 2 had 200 accesses, 
Page 0 had 400 accesses, Page 1 had 400 accesses, Page 2 had 200 accesses, 
Page 0 had 400 accesses, Page 1 had 400 accesses, Page 2 had 200 accesses, 
Page 0 had 400 accesses, Page 1 had 400 accesses, Page 2 had 200 accesses, 
Page 0 had 400 accesses, Page 1 had 400 accesses, Page 2 had 200 accesses, 
Page 0 had 400 accesses, Page 1 had 400 accesses, Page 2 had 200 accesses, 
Page 0 had 400 accesses, Page 1 had 400 accesses, Page 2 had 200 accesses, 
Page 0 had 400 accesses, Page 1 had 400 accesses, Page 2 had 200 accesses, 
Page 0 had 400 accesses, Page 1 had 400 accesses, Page 2 had 200 accesses, 
Page 0 had 400 accesses, Page 1 had 400 accesses, Page 2 had 200 accesses, 
Page 0 had 400 accesses, Page 1 had 400 accesses, Page 2 had 200 accesses, 
Page 0 had 400 accesses, Page 1 had 400 accesses, Page 2 had 200 accesses, 
Page 0 had 400 accesses, Page 1 had 400 accesses, Page 2 had 200 accesses, 
Page 0 had 400 accesses, Page 1 had 400 accesses, Page 2 had 200 accesses, 
Page 0 had 400 accesses, Page 1 had 400 accesses, Page 2 had 200 accesses, 
Page 0 had 400 accesses, Page 1 had 400 accesses, Page 2 had 200 accesses, 
Page 0 had 400 accesses, Page 1 had 400 accesses, Page 2 had 200 accesses, 
Page 0 had 400 accesses, Page 1 had 400 accesses, Page 2 had 200 accesses, 
